{
    "userData":[],
    "products":[
        {
            "id":1,
            "img1":"https://img.tatacliq.com/images/i10/437Wx649H/MP000000016926106_437Wx649H_202303192253421.jpeg",
            "img2":"https://img.tatacliq.com/images/i10/437Wx649H/MP000000016926106_437Wx649H_202303192253462.jpeg",
            "img3":"https://img.tatacliq.com/images/i10/437Wx649H/MP000000016926106_437Wx649H_202303192253433.jpeg",
            "img4":"https://img.tatacliq.com/images/i10/437Wx649H/MP000000016926106_437Wx649H_202303192253454.jpeg",
            "img5":"https://img.tatacliq.com/images/i10/437Wx649H/MP000000016926106_437Wx649H_202303192253475.jpeg",
            "brand":"W",
            "dis":"W Women Blue Floral Print Rayon Co-Ord Kurta Set With Parallel Pant",
            "price":1600,
            "mrp_price":3999,
            "off":60,
            "rate":1,
            "color":"Aqua",
            "type":"women"
        },
        {
            "id":2,
            "img1":"https://img.tatacliq.com/images/i17//437Wx649H/MP000000022165093_437Wx649H_202405080638591.jpeg",
            "img2":"https://img.tatacliq.com/images/i17//437Wx649H/MP000000022165093_437Wx649H_202405080639002.jpeg",
            "img3":"https://img.tatacliq.com/images/i17//437Wx649H/MP000000022165093_437Wx649H_202405080639023.jpeg",
            "img4":"https://img.tatacliq.com/images/i17//437Wx649H/MP000000022165093_437Wx649H_202405080638587.jpeg",
            "img5":"https://img.tatacliq.com/images/i17//437Wx649H/MP000000022165093_437Wx649H_202405080639016.jpeg",
            "brand":"skylle",
            "dis":"Skylee Purple Printed Kurta Pant Set With Dupatta",
            "price":1199,
            "mrp_price":3479,
            "off":66,
            "rate":3.7,
             "color":"purple",
             "type":"women"
        },
        {
            "id":3,
            "img1":"https://img.tatacliq.com/images/i7/437Wx649H/MP000000008767323_437Wx649H_202102111959371.jpeg",
            "img2":"https://img.tatacliq.com/images/i7/437Wx649H/MP000000008767323_437Wx649H_202102111959382.jpeg",
            "img3":"https://img.tatacliq.com/images/i7/437Wx649H/MP000000008767323_437Wx649H_202102111959393.jpeg",
            "img4":"https://img.tatacliq.com/images/i7/437Wx649H/MP000000008767323_437Wx649H_202102111959404.jpeg",
            "img5":"https://img.tatacliq.com/images/i7/437Wx649H/MP000000008767323_437Wx649H_202102111959415.jpeg",
            "brand":"yufta",
            "dis":"Yufta Beige & Navy Cotton Printed Kurta Palazzo Set",
            "price":989,
            "mrp_price":2199,
            "off":55,
            "rate":3.6,
             "color":"beige",
             "type":"women"
        },
        {
            "id":4,
            "img1":"https://img.tatacliq.com/images/i20//437Wx649H/MP000000023743411_437Wx649H_202409210441251.jpeg",
            "img2":"https://img.tatacliq.com/images/i20//437Wx649H/MP000000023743411_437Wx649H_202409210441232.jpeg",
            "img3":"https://img.tatacliq.com/images/i20//437Wx649H/MP000000023743411_437Wx649H_202409210441243.jpeg",
            "img4":"https://img.tatacliq.com/images/i20//437Wx649H/MP000000023743411_437Wx649H_202409210441264.jpeg",
            "img5":"https://img.tatacliq.com/images/i20//437Wx649H/MP000000023743411_437Wx649H_202409210441275.jpeg",
            "brand":"Libas",
            "dis":"Libas Black A Line Short Kurti",
            "price":454,
            "mrp_price":1299,
            "off":65,
            "rate":4.2,
             "color":"black",
             "type":"women"
        },
        {
            "id":5,
            "img1":"https://img.tatacliq.com/images/i8/437Wx649H/MP000000009115521_437Wx649H_202205181106221.jpeg",
            "img2":"https://img.tatacliq.com/images/i7/437Wx649H/MP000000009115521_437Wx649H_202103191406052.jpeg",
            "img3":"https://img.tatacliq.com/images/i8/437Wx649H/MP000000009115521_437Wx649H_202205181106253.jpeg",
            "img4":"https://img.tatacliq.com/images/i7/437Wx649H/MP000000009115521_437Wx649H_202103191406075.jpeg",
            "img5":"https://img.tatacliq.com/images/i7/437Wx649H/MP000000009115521_437Wx649H_202103191406064.jpeg",
            "brand":"W",
            "dis":"W Lilac Printed Straight Kurta",
            "price":1080,
            "mrp_price":1599,
            "off":32,
            "rate":1,
             "color":"lilac",
             "type":"women"
        },
        {
            "id":6,
            "img1":"https://img.tatacliq.com/images/i8/437Wx649H/MP000000012513093_437Wx649H_202203181207211.jpeg",
            "img2":"https://img.tatacliq.com/images/i8/437Wx649H/MP000000012513093_437Wx649H_202203181207232.jpeg",
            "img3":"https://img.tatacliq.com/images/i8/437Wx649H/MP000000012513093_437Wx649H_202203181207253.jpeg",
            "img4":"https://img.tatacliq.com/images/i8/437Wx649H/MP000000012513093_437Wx649H_202203181207264.jpeg",
            "img5":"https://img.tatacliq.com/images/i8/437Wx649H/MP000000012513093_437Wx649H_202203181207275.jpeg",
            "brand":"Biba",
            "dis":"Biba Beige Printed Palazzos",
            "price":1799,
            "mrp_price":2999,
            "off":40,
            "rate":1,
             "color":"beige",
             "type":"women"
        },
        {
            "id":7,
            "img1":"https://img.tatacliq.com/images/i20//437Wx649H/MP000000023835623_437Wx649H_202409252053091.jpeg",
            "img2":"https://img.tatacliq.com/images/i20//437Wx649H/MP000000023835623_437Wx649H_202409252053132.jpeg",
            "img3":"https://img.tatacliq.com/images/i20//437Wx649H/MP000000023835623_437Wx649H_202409252053083.jpeg",
            "img4":"https://img.tatacliq.com/images/i20//437Wx649H/MP000000023835623_437Wx649H_202409252053114.jpeg",
            "img5":"https://img.tatacliq.com/images/i20//437Wx649H/MP000000023835623_437Wx649H_202409252053125.jpeg",
            "brand":"Libas",
            "dis":"Libas Off White Printed Palazzos",
            "price":509,
            "mrp_price":999,
            "off":49,
            "rate":5,
             "color":"white",
             "type":"women"
        },
        {
            "id":8,
            "img1":"https://img.tatacliq.com/images/i20//437Wx649H/MP000000023835623_437Wx649H_202409252053091.jpeg",
            "img2":"https://img.tatacliq.com/images/i20//437Wx649H/MP000000023835623_437Wx649H_202409252053132.jpeg",
            "img3":"https://img.tatacliq.com/images/i20//437Wx649H/MP000000023835623_437Wx649H_202409252053083.jpeg",
            "img4":"https://img.tatacliq.com/images/i20//437Wx649H/MP000000023835623_437Wx649H_202409252053114.jpeg",
            "img5":"https://img.tatacliq.com/images/i20//437Wx649H/MP000000023835623_437Wx649H_202409252053125.jpeg",
            "brand":"Juniper",
            "dis":"Juniper Mint Green Printed Pants",
            "price":520,
            "mrp_price":1299,
            "off":60,
             "color":"green",
             "type":"women"
        },
        {
            "id":9,
            "img1":"https://img.tatacliq.com/images/i20//437Wx649H/MP000000024031378_437Wx649H_202410110320141.jpeg",
            "img2":"https://img.tatacliq.com/images/i20//437Wx649H/MP000000024031378_437Wx649H_202410110320112.jpeg",
            "img3":"https://img.tatacliq.com/images/i20//437Wx649H/MP000000024031378_437Wx649H_202410110320136.jpeg",
            "img4":"https://img.tatacliq.com/images/i20//437Wx649H/MP000000024031378_437Wx649H_202410110320164.jpeg",
            "img5":"https://img.tatacliq.com/images/i20//437Wx649H/MP000000024031378_437Wx649H_202410110320125.jpeg",
            "brand":"U.S. Polo Assn.",
            "dis":"U.S. Polo Assn. Red Self Pattern T-Shirt",
            "price":1359,
            "mrp_price":1699,
            "off":20,
            "rate":5,
             "color":"brown",
             "type":"women"
        },
        {
            "id":10,
            "img1":"https://img.tatacliq.com/images/i18//437Wx649H/MP000000022623015_437Wx649H_202406152209351.jpeg",
            "img2":"https://img.tatacliq.com/images/i18//437Wx649H/MP000000022623015_437Wx649H_202406152209322.jpeg",
            "img3":"https://img.tatacliq.com/images/i18//437Wx649H/MP000000022623015_437Wx649H_202406152209373.jpeg",
            "img4":"https://img.tatacliq.com/images/i18//437Wx649H/MP000000022623015_437Wx649H_202406152209384.jpeg",
            "img5":"https://img.tatacliq.com/images/i18//437Wx649H/MP000000022623015_437Wx649H_202406152209335.jpeg",
            "brand":"The Souled Store",
            "dis":"The Souled Store Pink Relaxed Fit Oversized T-Shirt",
            "price":699,
            "mrp_price":74,
            "off":97,
            "rate":4.5,
             "color":"green",
             "type":"women"
        },
        {
            "id":11,
            "img1":"https://img.tatacliq.com/images/i18//437Wx649H/MP000000022651079_437Wx649H_202406201817201.jpeg",
            "img2":"https://img.tatacliq.com/images/i18//437Wx649H/MP000000022651079_437Wx649H_202406201817162.jpeg",
            "img3":"https://img.tatacliq.com/images/i18//437Wx649H/MP000000022651079_437Wx649H_202406201817193.jpeg",
            "img4":"https://img.tatacliq.com/images/i18//437Wx649H/MP000000022651079_437Wx649H_202406201817184.jpeg",
            "img5":"https://img.tatacliq.com/images/i18//437Wx649H/MP000000022651079_437Wx649H_202406201817225.jpeg",
            "brand":"SHAYE",
            "dis":"SHAYE White Cotton Self Design Top",
            "price":999,
            "mrp_price":4099,
            "off":76,
            "rate":4.4,
             "color":"white",
             "type":"women"
        },
        {
            "id":12,
            "img1":"https://img.tatacliq.com/images/i19//437Wx649H/MP000000023579362_437Wx649H_202409080118081.jpeg",
            "img2":"https://img.tatacliq.com/images/i19//437Wx649H/MP000000023579362_437Wx649H_202409080118092.jpeg",
            "img3":"https://img.tatacliq.com/images/i19//437Wx649H/MP000000023579362_437Wx649H_202409080118106.jpeg",
            "img4":"https://img.tatacliq.com/images/i19//437Wx649H/MP000000023579362_437Wx649H_202409080118073.jpeg",
            "img5":"https://img.tatacliq.com/images/i19//437Wx649H/MP000000023579362_437Wx649H_202409080118115.jpeg",
            "brand":"U.S. Polo Assn.",
            "dis":"U.S. Polo Assn. Black Embroidered Logo Polo T-Shirt",
            "price":1599,
            "mrp_price":1999,
            "off":20,
            "rate":5,
             "color":"black",
             "type":"women"
        },
        {
            "id":13,
            "img1":"https://img.tatacliq.com/images/i17//437Wx649H/MP000000021948368_437Wx649H_202404171903421.jpeg",
            "img2":"https://img.tatacliq.com/images/i17//437Wx649H/MP000000021948368_437Wx649H_202404171903452.jpeg",
            "img3":"https://img.tatacliq.com/images/i17//437Wx649H/MP000000021948368_437Wx649H_202404171903443.jpeg",
            "img4":"https://img.tatacliq.com/images/i17//437Wx649H/MP000000021948368_437Wx649H_202404171903414.jpeg",
            "img5":"https://img.tatacliq.com/images/i17//437Wx649H/MP000000021948368_437Wx649H_202404171903375.jpeg",
            "brand":"Cottinfab",
            "dis":"Cottinfab Brown Printed Top",
            "price":560,
            "mrp_price":1999,
            "off":65,
            "rate":2,
             "color":"brown",
             "type":"women"
        },
        {
            "id":14,
            "img1":"https://img.tatacliq.com/images/i10/437Wx649H/MP000000017102522_437Wx649H_202304061157571.jpeg",
            "img2":"https://img.tatacliq.com/images/i10/437Wx649H/MP000000017102522_437Wx649H_202304061157532.jpeg",
            "img3":"https://img.tatacliq.com/images/i10/437Wx649H/MP000000017102522_437Wx649H_202304061157523.jpeg",
            "img4":"https://img.tatacliq.com/images/i10/437Wx649H/MP000000017102522_437Wx649H_202304061157554.jpeg",
            "img5":"https://img.tatacliq.com/images/i10/437Wx649H/MP000000017102522_437Wx649H_202304061157595.jpeg",
            "brand":"Style Quotient",
            "dis":"Style Quotient Peach Self Design Top",
            "price":899,
            "mrp_price":1899,
            "off":53,
            "rate":4.5,
             "color":"pink",
             "type":"women"
        },
        {
            "id":15,
            "img1":"https://img.tatacliq.com/images/i19//437Wx649H/MP000000023527443_437Wx649H_202409032212111.jpeg",
            "img2":"https://img.tatacliq.com/images/i19//437Wx649H/MP000000023527443_437Wx649H_202409032212122.jpeg",
            "img3":"https://img.tatacliq.com/images/i19//437Wx649H/MP000000023527443_437Wx649H_202409032212093.jpeg",
            "img4":"https://img.tatacliq.com/images/i19//437Wx649H/MP000000023527443_437Wx649H_202409032212084.jpeg",
            "img5":"https://img.tatacliq.com/images/i19//437Wx649H/MP000000023527443_437Wx649H_202409032212065.jpeg",
            "brand":"U.S. Polo Assn.",
            "dis":"U.S. Polo Assn. Black Cotton Relaxed Fit High Rise Jeans",
            "price":1819,
            "mrp_price":2799,
            "off":35,
            "rate":5,
             "color":"black",
             "type":"women"
        },
        {
            "id":16,
            "img1":"https://img.tatacliq.com/images/i19//437Wx649H/MP000000023426941_437Wx649H_202408250308331.jpeg",
            "img2":"https://img.tatacliq.com/images/i19//437Wx649H/MP000000023426941_437Wx649H_202408250308382.jpeg",
            "img3":"https://img.tatacliq.com/images/i19//437Wx649H/MP000000023426941_437Wx649H_202408250308243.jpeg",
            "img4":"https://img.tatacliq.com/images/i19//437Wx649H/MP000000023426941_437Wx649H_202408250308394.jpeg",
            "img5":"https://img.tatacliq.com/images/i19//437Wx649H/MP000000023426941_437Wx649H_202408250308365.jpeg",
            "brand":"MADAME",
            "dis":"MADAME Blue Cotton Relaxed Fit Mid Rise Jeans",
            "price":1484,
            "mrp_price":3299,
            "off":55,
            "rate":2,
             "color":"blue",
             "type":"women"
        },
        {
            "id":17,
            "img1":"https://img.tatacliq.com/images/i19//437Wx649H/MP000000023527461_437Wx649H_202409032214011.jpeg",
            "img2":"https://img.tatacliq.com/images/i19//437Wx649H/MP000000023527461_437Wx649H_202409032214032.jpeg",
            "img3":"https://img.tatacliq.com/images/i19//437Wx649H/MP000000023527461_437Wx649H_202409032213583.jpeg",
            "img4":"https://img.tatacliq.com/images/i19//437Wx649H/MP000000023527461_437Wx649H_202409032213594.jpeg",
            "img5":"https://img.tatacliq.com/images/i19//437Wx649H/MP000000023527461_437Wx649H_202409032214025.jpeg",
            "brand":"U.S. Polo Assn.",
            "dis":"U.S. Polo Assn. Black Relaxed Fit Mid Rise Jeans",
            "price":1819,
            "mrp_price":2799,
            "off":35,
            "rate":3,
             "color":"black",
             "type":"women"
        },
        {
            "id":18,
            "img1":"https://img.tatacliq.com/images/i19//437Wx649H/MP000000023579216_437Wx649H_202409080112041.jpeg",
            "img2":"https://img.tatacliq.com/images/i19//437Wx649H/MP000000023579216_437Wx649H_202409080112002.jpeg",
            "img3":"https://img.tatacliq.com/images/i19//437Wx649H/MP000000023579216_437Wx649H_202409080112063.jpeg",
            "img4":"https://img.tatacliq.com/images/i19//437Wx649H/MP000000023579216_437Wx649H_202409080112034.jpeg",
            "img5":"https://img.tatacliq.com/images/i19//437Wx649H/MP000000023579216_437Wx649H_202409080112055.jpeg",
            "brand":"U.S. Polo Assn.",
            "dis":"U.S. Polo Assn. Navy High Rise Jeans",
            "price":2034,
            "mrp_price":2749,
            "off":26,
            "rate":5,
             "color":"blue",
             "type":"women"
        },
        {
            "id":51,
            "img1":"https://img.tatacliq.com/images/i18//437Wx649H/MP000000022995583_437Wx649H_202407211752501.jpeg",
            "img2":"https://img.tatacliq.com/images/i18//437Wx649H/MP000000022995583_437Wx649H_202407211752522.jpeg",
            "img3":"https://img.tatacliq.com/images/i18//437Wx649H/MP000000022995583_437Wx649H_202407211752463.jpeg",
            "img4":"https://img.tatacliq.com/images/i18//437Wx649H/MP000000022995583_437Wx649H_202407211752494.jpeg",
            "img5":"https://img.tatacliq.com/images/i18//437Wx649H/MP000000022995583_437Wx649H_202407211752475.jpeg",
            "brand":"Bolly Lounge",
            "dis":"Bolly Lounge Girls Blush Pink Floral Dress",
            "price":599,
            "mrp_price":2399,
            "off":75,
            "rate":2.8,
            "color":"pink",
            "type":"kids"
        },
        {
            "id":52,
            "img1":"https://img.tatacliq.com/images/i18//437Wx649H/MP000000022995646_437Wx649H_202407211755001.jpeg",
            "img2":"https://img.tatacliq.com/images/i18//437Wx649H/MP000000022995646_437Wx649H_202407211754572.jpeg",
            "img3":"https://img.tatacliq.com/images/i18//437Wx649H/MP000000022995646_437Wx649H_202407211754543.jpeg",
            "img4":"https://img.tatacliq.com/images/i18//437Wx649H/MP000000022995646_437Wx649H_202407211755014.jpeg",
            "img5":"https://img.tatacliq.com/images/i18//437Wx649H/MP000000022995646_437Wx649H_202407211754565.jpeg",
            "brand":"Bolly Lounge",
            "dis":"Bolly Lounge Girls Snow White & Pink Floral Dress",
            "price":599,
            "mrp_price":2399,
            "off":75,
            "rate":5,
            "color":"pink",
            "type":"kids"
        },
        {
            "id":53,
            "img1":"https://img.tatacliq.com/images/i7/437Wx649H/MP000000011667579_437Wx649H_202201050619011.jpeg",
            "img2":"https://img.tatacliq.com/images/i7/437Wx649H/MP000000011667579_437Wx649H_202201050619022.jpeg",
            "img3":"https://img.tatacliq.com/images/i7/437Wx649H/MP000000011667579_437Wx649H_202201050619033.jpeg",
            "img4":"https://img.tatacliq.com/images/i7/437Wx649H/MP000000011667579_437Wx649H_202201050619044.jpeg",
            "img5":"https://img.tatacliq.com/images/i7/437Wx649H/MP000000011667579_437Wx649H_202201050619022.jpeg",
            "brand":"Little Bansi",
            "dis":"Little Bansi Kids White Cotton Printed Kurta Set",
            "price":1866,
            "mrp_price":2249,
            "off":17,
            "rate":4.1,
            "color":"white",
            "type":"kids"
        },
        {
            "id":54,
            "img1":"https://img.tatacliq.com/images/i13/437Wx649H/MP000000019489055_437Wx649H_202309291358371.jpeg",
            "img2":"https://img.tatacliq.com/images/i13/437Wx649H/MP000000019489055_437Wx649H_202309291358392.jpeg",
            "img3":"https://img.tatacliq.com/images/i13/437Wx649H/MP000000019489055_437Wx649H_202309291358413.jpeg",
            "img4":"https://img.tatacliq.com/images/i13/437Wx649H/MP000000019489055_437Wx649H_202309291358364.jpeg",
            "img5":"https://img.tatacliq.com/images/i13/437Wx649H/MP000000019489055_437Wx649H_202309291358425.jpeg",
            "brand":"HELLCAT",
            "dis":"HELLCAT kids gray printed full sleeves Hoodie T-shirt with Trackpants",
            "price":899,
            "mrp_price":3998,
            "off":78,
            "rate":4.4,
            "color":"gray",
            "type":"kids"
        },
        {
            "id":55,
            "img1":"https://img.tatacliq.com/images/i14/437Wx649H/MP000000019571877_437Wx649H_202310081712021.jpeg",
            "img2":"https://img.tatacliq.com/images/i14/437Wx649H/MP000000019571877_437Wx649H_202310081712162.jpeg",
            "img3":"https://img.tatacliq.com/images/i14/437Wx649H/MP000000019571877_437Wx649H_202310081712213.jpeg",
            "img4":"https://img.tatacliq.com/images/i14/437Wx649H/MP000000019571877_437Wx649H_202310081712014.jpeg",
            "img5":"https://img.tatacliq.com/images/i14/437Wx649H/MP000000019571877_437Wx649H_202310081712255.jpeg",
            "brand":"KISAH",
            "dis":"KISAH Kids Multicolor Cotton Printed Full Sleeves Kurta",
            "price":1299,
            "mrp_price":2299,
            "off":43,
            "rate":1,
            "color":"gray",
            "type":"kids"
        },
        {
            "id":56,
            "img1":"https://img.tatacliq.com/images/i18//437Wx649H/MP000000023006301_437Wx649H_202407231539461.jpeg",
            "img2":"https://img.tatacliq.com/images/i18//437Wx649H/MP000000023006301_437Wx649H_202407231539492.jpeg",
            "img3":"https://img.tatacliq.com/images/i18//437Wx649H/MP000000023006301_437Wx649H_202407231539453.jpeg",
            "img4":"https://img.tatacliq.com/images/i18//437Wx649H/MP000000023006301_437Wx649H_202407231539474.jpeg",
            "img5":"https://img.tatacliq.com/images/i18//437Wx649H/MP000000023006301_437Wx649H_202407231539485.jpeg",
            "brand":"Cherry Crumble By Nitt Hyman",
            "dis":"Cherry Crumble By Nitt Hyman Unisex Grey Printed Full Sleeves Hoodie with Trackpants",
            "price":1806,
            "mrp_price":4299,
            "off":58,
            "rate":2,
            "color":"pink",
            "type":"kids"
        },
        {
            "id":57,
            "img1":"https://img.tatacliq.com/images/i16//437Wx649H/MP000000021105944_437Wx649H_202402101214211.jpeg",
            "img2":"https://img.tatacliq.com/images/i16//437Wx649H/MP000000021105944_437Wx649H_202402101214122.jpeg",
            "img3":"https://img.tatacliq.com/images/i16//437Wx649H/MP000000021105944_437Wx649H_202402101214083.jpeg",
            "img4":"https://img.tatacliq.com/images/i16//437Wx649H/MP000000021105944_437Wx649H_202402101214044.jpeg",
            "img5":"https://img.tatacliq.com/images/i16//437Wx649H/MP000000021105944_437Wx649H_202402101214175.jpeg",
            "brand":"Allen Solly Junior",
            "dis":"Allen Solly Junior Navy Cotton Regular Fit Trousers",
            "price":1512,
            "mrp_price":1699,
            "off":11,
            "rate":3.1,
            "color":"black",
            "type":"kids"
        },
        {
            "id":58,
            "img1":"https://img.tatacliq.com/images/i10/437Wx649H/MP000000016743616_437Wx649H_202303031927141.jpeg",
            "img2":"https://img.tatacliq.com/images/i10/437Wx649H/MP000000016743616_437Wx649H_202303031927232.jpeg",
            "img3":"https://img.tatacliq.com/images/i10/437Wx649H/MP000000016743616_437Wx649H_202303031927203.jpeg",
            "img4":"https://img.tatacliq.com/images/i10/437Wx649H/MP000000016743616_437Wx649H_202303031927114.jpeg",
            "img5":"https://img.tatacliq.com/images/i10/437Wx649H/MP000000016743616_437Wx649H_202303031927175.jpeg",
            "brand":"KIDS ONLY",
            "dis":"KIDS ONLY Cream Cotton Regular Fit Jumpsuit",
            "price":999,
            "mrp_price":199,
            "off":50,
            "rate":3.2,
            "color":"white",
            "type":"kids"
        },
        {
            "id":1001,
            "img1":"https://img.tatacliq.com/images/i16//437Wx649H/MP000000021087629_437Wx649H_202402082203121.jpeg",
            "img2":"https://img.tatacliq.com/images/i16//437Wx649H/MP000000021087629_437Wx649H_202402082203142.jpeg",
            "img3":"https://img.tatacliq.com/images/i16//437Wx649H/MP000000021087629_437Wx649H_202402082203163.jpeg",
            "img4":"https://img.tatacliq.com/images/i16//437Wx649H/MP000000021087629_437Wx649H_202402082203154.jpeg",
            "img5":"https://img.tatacliq.com/images/i16//437Wx649H/MP000000021087629_437Wx649H_202402082203135.jpeg",
            "brand":"Spykar",
            "dis":"Spykar Blue Cotton Regular Fit Striped Shirt",
            "price":1499,
            "mrp_price":1700,
            "off":45,
            "rate":3.5,
            "type":"men"
          },
          {
            "id":1002,
            "img1":"https://img.tatacliq.com/images/i13/437Wx649H/MP000000019427928_437Wx649H_202309270120011.jpeg",
            "img2":"https://img.tatacliq.com/images/i13/437Wx649H/MP000000019427928_437Wx649H_202309270120002.jpeg",
            "img3":"https://img.tatacliq.com/images/i13/437Wx649H/MP000000019427928_437Wx649H_202309270119573.jpeg",
            "img4":"https://img.tatacliq.com/images/i13/437Wx649H/MP000000019427928_437Wx649H_202309270119554.jpeg",
            "img5":"https://img.tatacliq.com/images/i13/437Wx649H/MP000000019427928_437Wx649H_202309270119595.jpeg",
            "brand":" Jack & Jones",
            "dis":" Jack & Jones Multicolored Cotton Regular Fit Striped Shirt",
            "price":1099,
            "mrp_price":1399,
            "off":24,
            "rate":2.5,
            "type":"men"
          },
          {
            "id":1003,
            "img1":"https://img.tatacliq.com/images/i19//437Wx649H/MP000000023352747_437Wx649H_202408181612021.jpeg",
            "img2":"https://img.tatacliq.com/images/i19//437Wx649H/MP000000023352747_437Wx649H_202408181612042.jpeg",
            "img3":"https://img.tatacliq.com/images/i19//437Wx649H/MP000000023352747_437Wx649H_202408181612003.jpeg",
            "img4":"https://img.tatacliq.com/images/i19//437Wx649H/MP000000023352747_437Wx649H_202408181611584.jpeg",
            "img5":"https://img.tatacliq.com/images/i19//437Wx649H/MP000000023352747_437Wx649H_202408181612015.jpeg",
            "brand":"U.S. Polo Assn",
            "dis":"U.S. Polo Assn. White Regular Fit Striped Cotton Shirt",
            "price":1399,
            "mrp_price":1899,
            "off":32,
            "rate":3.0,
            "type":"men"
          },
          {
            "id":1004,
            "img1":"https://img.tatacliq.com/images/i7/437Wx649H/MP000000008540980_437Wx649H_202101122004591.jpeg",
            "img2":"https://img.tatacliq.com/images/i7/437Wx649H/MP000000008540980_437Wx649H_202101122005002.jpeg",
            "img3":"https://img.tatacliq.com/images/i7/437Wx649H/MP000000008540980_437Wx649H_202101122005013.jpeg",
            "img4":"https://img.tatacliq.com/images/i7/437Wx649H/MP000000008540980_437Wx649H_202101122005034.jpeg",
            "img5":"https://img.tatacliq.com/images/i7/437Wx649H/MP000000008540980_437Wx649H_202101122005013.jpeg",
            "brand":"WES Casuals",
            "dis":"WES Casuals by Westside Sage Green Slim Fit Shirt",
            "price":999,
            "mrp_price":1299,
            "off":42,
            "rate":3.5,
            "type":"men"
          },
          {
            "id":1005,
            "img1":"https://img.tatacliq.com/images/i19//437Wx649H/MP000000023540164_437Wx649H_202409051305421.jpeg",
            "img2":"https://img.tatacliq.com/images/i19//437Wx649H/MP000000023540164_437Wx649H_202409051305432.jpeg",
            "img3":"https://img.tatacliq.com/images/i19//437Wx649H/MP000000023540164_437Wx649H_202409051305543.jpeg",
            "img4":"https://img.tatacliq.com/images/i19//437Wx649H/MP000000023540164_437Wx649H_202409051305564.jpeg",
            "img5":"https://img.tatacliq.com/images/i19//437Wx649H/MP000000023540164_437Wx649H_202409051305425.jpeg",
            "brand":"U.S. Polo Assn",
            "dis":"U.S. Polo Assn. White Regular Fit Striped Cotton Shirt",
            "price":1399,
            "mrp_price":1899,
            "off":32,
            "rate":3.0,
            "type":"men"
          },
          {
            "id":1006,
            "img1":"https://img.tatacliq.com/images/i8/437Wx649H/MP000000014833143_437Wx649H_202210121512281.jpeg",
            "img2":"https://img.tatacliq.com/images/i8/437Wx649H/MP000000014833143_437Wx649H_202210121512262.jpeg",
            "img3":"https://img.tatacliq.com/images/i8/437Wx649H/MP000000014833143_437Wx649H_202210121512333.jpeg",
            "img4":"https://img.tatacliq.com/images/i8/437Wx649H/MP000000014833143_437Wx649H_202210121512314.jpeg",
            "img5":"https://img.tatacliq.com/images/i8/437Wx649H/MP000000014833143_437Wx649H_202210121512305.jpeg",
            "brand":" Jack & Jones",
            "dis":" Jack & Jones Multicolored Cotton Regular Fit Striped Shirt",
            "price":1199,
            "mrp_price":1399,
            "off":15,
            "rate":2.0,
            "type":"men"
          },
          {
            "id":1007,
            "img1":"https://img.tatacliq.com/images/i8/437Wx649H/MP000000013345608_437Wx649H_202206060255161.jpeg",
            "img2":"https://img.tatacliq.com/images/i8/437Wx649H/MP000000013345608_437Wx649H_202206060255182.jpeg",
            "img3":"https://img.tatacliq.com/images/i8/437Wx649H/MP000000013345608_437Wx649H_202206060255203.jpeg",
            "img4":"https://img.tatacliq.com/images/i8/437Wx649H/MP000000013345608_437Wx649H_202206060255224.jpeg",
            "img5":"https://img.tatacliq.com/images/i8/437Wx649H/MP000000013345608_437Wx649H_202206060255235.jpeg",
           "brand":"WES Casuals",
            "dis":"WES Casuals by Westside Sage Green Slim Fit Shirt",
            "price":1999,
            "mrp_price":1499,
            "off":42,
            "rate":3.5,
            "type":"men"
          },
          {
            "id":1008,
            "img1":"https://img.tatacliq.com/images/i20//437Wx649H/MP000000024090564_437Wx649H_202410171158181.jpeg",
            "img2":"https://img.tatacliq.com/images/i20//437Wx649H/MP000000024090564_437Wx649H_202410171158252.jpeg",
            "img3":"https://img.tatacliq.com/images/i20//437Wx649H/MP000000024090564_437Wx649H_202410171158273.jpeg",
            "img4":"https://img.tatacliq.com/images/i20//437Wx649H/MP000000024090564_437Wx649H_202410171158204.jpeg",
            "img5":"https://img.tatacliq.com/images/i20//437Wx649H/MP000000024090564_437Wx649H_202410171158235.jpeg",
            "brand":"U.S. Polo Assn",
            "dis":"U.S. Polo Assn. White Regular Fit Striped Cotton Shirt",
            "price":1299,
            "mrp_price":1899,
            "off":62,
            "rate":4.0,
            "type":"men"
          },
          {
            "id":1009,
            "img1":"https://img.tatacliq.com/images/i8/437Wx649H/MP000000013625441_437Wx649H_202206300210001.jpeg",
            "img2":"https://img.tatacliq.com/images/i8/437Wx649H/MP000000013625441_437Wx649H_202206300210012.jpeg",
            "img3":"https://img.tatacliq.com/images/i8/437Wx649H/MP000000013625441_437Wx649H_202206300210023.jpeg",
            "img4":"https://img.tatacliq.com/images/i8/437Wx649H/MP000000013625441_437Wx649H_202206300210044.jpeg",
            "img5":"https://img.tatacliq.com/images/i8/437Wx649H/MP000000013625441_437Wx649H_202206300210012.jpeg",
            "brand":"WES Casuals",
            "dis":"WES Casuals by Westside Sage Green Slim Fit Shirt",
            "price":1099,
            "mrp_price":1299,
            "off":32,
            "rate":3.0,
            "type":"men"
          },
          {
            "id":1010,
            "img1":"https://img.tatacliq.com/images/i20//437Wx649H/MP000000024280225_437Wx649H_202410312113441.jpeg",
            "img2":"https://img.tatacliq.com/images/i20//437Wx649H/MP000000024280225_437Wx649H_202410312113472.jpeg",
            "img3":"https://img.tatacliq.com/images/i20//437Wx649H/MP000000024280225_437Wx649H_202410312113513.jpeg",
            "img4":"https://img.tatacliq.com/images/i20//437Wx649H/MP000000024280225_437Wx649H_202410312113494.jpeg",
            "img5":"https://img.tatacliq.com/images/i20//437Wx649H/MP000000024280225_437Wx649H_202410312113425.jpeg",
            "brand":" Jack & Jones",
            "dis":" Jack & Jones Multicolored Cotton Regular Fit Striped Shirt",
            "price":1399,
            "mrp_price":1599,
            "off":45,
            "rate":3.0,
            "type":"men"
          },
          {
            "id":1011,
            "img1":"https://img.tatacliq.com/images/i19//437Wx649H/MP000000023323771_437Wx649H_202408160026081.jpeg",
            "img2":"https://img.tatacliq.com/images/i19//437Wx649H/MP000000023323771_437Wx649H_202408160026042.jpeg",
            "img3":"https://img.tatacliq.com/images/i19//437Wx649H/MP000000023323771_437Wx649H_202408160026033.jpeg",
            "img4":"https://img.tatacliq.com/images/i19//437Wx649H/MP000000023323771_437Wx649H_202408160026064.jpeg",
            "img5":"https://img.tatacliq.com/images/i19//437Wx649H/MP000000023323771_437Wx649H_202408160026075.jpeg",
            "brand":"Spykar",
            "dis":"Spykar Blue Cotton Regular Fit Striped Shirt",
            "price":1499,
            "mrp_price":1700,
            "off":45,
            "rate":3.5,
            "type":"men"
          },
          {
            "id":1012,
            "img1":"https://img.tatacliq.com/images/i19//437Wx649H/MP000000023255509_437Wx649H_202408091438111.jpeg",
            "img2":"https://img.tatacliq.com/images/i19//437Wx649H/MP000000023255509_437Wx649H_202408091438162.jpeg",
            "img3":"https://img.tatacliq.com/images/i19//437Wx649H/MP000000023255509_437Wx649H_202408091438133.jpeg",
            "img4":"https://img.tatacliq.com/images/i19//437Wx649H/MP000000023255509_437Wx649H_202408091438144.jpeg",
            "img5":"https://img.tatacliq.com/images/i19//437Wx649H/MP000000023255509_437Wx649H_202408091438111.jpeg",
            "brand":"Spykar",
            "dis":"Spykar Blue Cotton Regular Fit Striped Shirt",
            "price":1499,
            "mrp_price":1700,
            "off":45,
            "rate":3.5,
            "type":"men"
          }
          

    ]
}